pk,name,category,direct_parents
1000,Logan,county,21
1001,Queens,county,36
1002,Hudson,county,34
1003,Hunterdon,county,34
1004,McCreary,county,21
1005,Pike,county,21
1006,Lawrence,county,21
1007,Cattaraugus,county,36
1008,Terrebonne,parish,22
1009,De Soto,parish,22
1010,Suwannee,county,12
1011,Orleans,parish,22
1012,Washington,parish,22
1013,Madison,parish,22
1014,Bradford,county,12
1015,East Carroll,parish,22
1016,Ulster,county,36
1017,East Feliciana,parish,22
1018,Bethel,census area,2
1019,Nome,census area,2
1020,Dorchester,county,24
1021,Allegany,county,24
1022,Cecil,county,24
1023,Carroll,county,24
1024,Kent,county,24
1025,Franklin,county,25
1026,Talladega,county,1
1027,Pike,county,1
1028,Macomb,county,26
1029,Charlevoix,county,26
1030,St. Clair,county,1
1031,Greene,county,1
1032,Conecuh,county,1
1033,Iron,county,26
1034,Big Stone,county,27
1035,Clay,county,27
1036,Polk,county,27
1037,Lake of the Woods,county,27
1038,Lake,county,27
1039,Yellow Medicine,county,27
1040,Claiborne,county,28
1041,Benton,county,28
1042,Lincoln,county,29
1043,Ravalli,county,30
1044,Roosevelt,county,30
1045,Blaine,county,30
1046,Franklin,county,31
1047,Keya Paha,county,31
1048,White Pine,county,32
1049,Coos,county,33
1050,Salem,county,34
1051,Grant,county,35
1052,Colfax,county,35
1053,Taos,county,35
1054,Rio Arriba,county,35
1055,Brunswick,county,37
1056,Mecklenburg,county,37
1057,Pamlico,county,37
1058,Craven,county,37
1059,Pender,county,37
1060,Camden,county,37
1061,Currituck,county,37
1062,Mitchell,county,37
1063,Transylvania,county,37
1064,Sioux,county,38
1065,Williams,county,38
1066,McCurtain,county,40
1067,Jackson,county,40
1068,Osage,county,40
1069,Clatsop,county,41
1070,Mobile,county,1
1071,Escambia,county,1
1072,Choctaw,county,1
1073,Russell,county,1
1074,Pickens,county,1
1075,DeKalb,county,1
1076,La Paz,county,4
1077,Miller,county,5
1078,Phillips,county,5
1079,Desha,county,5
1080,Imperial,county,6
1081,Santa Cruz,county,6
1082,Sonoma,county,6
1083,Mendocino,county,6
1084,Humboldt,county,6
1085,Nevada,county,6
1086,Costilla,county,8
1087,Middlesex,county,9
1088,New Castle,county,10
1089,Kent,county,10
1090,Franklin,county,12
1091,Taylor,county,12
1092,Hillsborough,county,12
1093,St. Johns,county,12
1094,Will,county,17
1095,Escambia,county,12
1096,Wakulla,county,12
1097,Madison,county,12
1098,Duval,county,12
1099,Glynn,county,13
1100,Camden,county,13
1101,Haralson,county,13
1102,Richmond,county,13
1103,Mason,county,17
1104,Idaho,county,16
1105,Shoshone,county,16
1106,Douglas,county,17
1107,Lake,county,18
1108,Lee,county,19
1109,Clinton,county,19
1110,Mitchell,county,19
1111,Atlantic,county,34
1112,Johnson,county,20
1113,Wilkes,county,37
1114,Edgecombe,county,37
1115,Stanly,county,37
1116,Davidson,county,37
1117,Rowan,county,37
1118,Haywood,county,37
1119,Sampson,county,37
1120,Lenoir,county,37
1121,Harnett,county,37
1122,Swain,county,37
1123,Hertford,county,37
1124,Grant,county,38
1125,Fayette,county,39
1126,Wagoner,county,40
1127,Custer,county,40
1128,Benton,county,41
1129,Allegheny,county,42
1130,Montgomery,county,42
1131,Clarion,county,42
1132,Armstrong,county,42
1133,Cameron,county,42
1134,Dorchester,county,45
1135,Newberry,county,45
1136,Williamsburg,county,45
1137,Clarendon,county,45
1138,Spink,county,46
1139,Jones,county,46
1140,Jackson,county,46
1141,White,county,47
1142,Cocke,county,47
1143,Jefferson,county,47
1144,Bedford,county,47
1145,Fentress,county,47
1146,Angelina,county,48
1147,Houston,county,48
1148,Polk,county,48
1149,Waller,county,48
1150,Taylor,county,48
1151,Caldwell,county,48
1152,Franklin,county,42
1153,Lancaster,county,42
1154,Washington,county,42
1155,Monroe,county,42
1156,Newport,county,44
1157,Beaufort,county,45
1158,Horry,county,45
1159,Spartanburg,county,45
1160,Greenville,county,45
1161,Oconee,county,45
1162,Chesterfield,county,45
1163,Monroe,county,47
1164,Blount,county,47
1165,Nueces,county,48
1166,Kleberg,county,48
1167,Willacy,county,48
1168,Presidio,county,48
1169,Val Verde,county,48
1170,Matagorda,county,48
1171,Bowie,county,48
1172,Cache,county,49
1173,Summit,county,49
1174,Orange,county,50
1175,Lee,county,51
1176,Patrick,county,51
1177,Washington,county,51
1178,James City,county,51
1179,Richmond,county,51
1180,Surry,county,51
1181,Rockingham,county,51
1182,San Juan,county,53
1183,Jefferson,county,53
1184,Cowlitz,county,53
1185,Pierce,county,53
1186,Snohomish,county,53
1187,Ferry,county,53
1188,Mingo,county,54
1189,Monroe,county,54
1190,Wetzel,county,54
1191,Marinette,county,55
1192,Ashland,county,55
1193,Iron,county,55
1194,Graham,county,4
1195,Dallas,county,5
1196,Faulkner,county,5
1197,Monroe,county,5
1198,Clark,county,5
1199,Cleveland,county,5
1200,Nevada,county,5
1201,Tulare,county,6
1202,San Benito,county,6
1203,Calaveras,county,6
1204,Tehama,county,6
1205,Boulder,county,8
1206,Jefferson,county,8
1207,Douglas,county,8
1208,Summit,county,8
1209,Park,county,8
1210,Lake,county,12
1211,Washington,county,12
1212,Lowndes,county,13
1213,Liberty,county,13
1214,Worth,county,13
1215,Baldwin,county,13
1216,Fulton,county,13
1217,Sumter,county,13
1218,Crawford,county,13
1219,Emanuel,county,13
1220,Wilkinson,county,13
1221,Cook,county,13
1222,Berrien,county,13
1223,Putnam,county,13
1224,Wheeler,county,13
1225,Miller,county,13
1226,Honolulu,county,15
1227,Caribou,county,16
1228,Valley,county,16
1229,Howard,county,18
1230,Wabash,county,18
1231,Franklin,county,19
1232,Wilson,county,20
1233,Pottawatomie,county,20
1234,Pawnee,county,20
1235,Madison,county,21
1236,Laurel,county,21
1237,Hopkins,county,21
1238,Marion,county,21
1239,Floyd,county,21
1240,Johnson,county,21
1241,Clark,county,21
1242,Leslie,county,21
1243,Fleming,county,21
1244,Garrard,county,21
1245,Grant,parish,22
1246,Ascension,parish,22
1247,Winn,parish,22
1248,St. Martin,parish,22
1249,Bienville,parish,22
1250,Richland,parish,22
1251,Howard,county,24
1252,Hampshire,county,25
1253,Ogemaw,county,26
1254,Oscoda,county,26
1255,Scott,county,27
1256,Renville,county,27
1257,Tate,county,28
1258,Holmes,county,28
1259,Oktibbeha,county,28
1260,Hickory,county,29
1261,Perry,county,29
1262,Cedar,county,29
1263,Saline,county,29
1264,Granite,county,30
1265,Deer Lodge,county,30
1266,Silver Bow,county,30
1267,Howard,county,31
1268,Loup,county,31
1269,Arthur,county,31
1270,Churchill,county,32
1271,Sandoval,county,35
1272,Harding,county,35
1273,Thomas,county,31
1274,Shasta,county,6
1275,Sussex,county,10
1276,Lee,county,12
1277,Pinellas,county,12
1278,Levy,county,12
1279,Miami-Dade,county,12
1280,Brevard,county,12
1281,Gulf,county,12
1282,Dixie,county,12
1283,DuPage,county,17
1284,Cumberland,county,17
1285,Nassau,county,12
1286,Cass,county,17
1287,Brooks,county,13
1288,Rock Island,county,17
1289,Madison,county,1
1290,Jackson,county,1
1291,Yuma,county,4
1292,Apache,county,4
1293,Coconino,county,4
1294,Sebastian,county,5
1295,Sevier,county,5
1296,Yavapai,county,4
1297,Carroll,county,5
1298,Union,county,5
1299,Mississippi,county,5
1300,Randolph,county,5
1301,San Diego,county,6
1302,Orange,county,6
1303,Monterey,county,6
1304,Inyo,county,6
1305,Alameda,county,6
1306,Mono,county,6
1307,Del Norte,county,6
1308,La Plata,county,8
1309,Weld,county,8
1310,Routt,county,8
1311,New London,county,9
1312,Dolores,county,8
1313,St. Louis,county,29
1314,Big Horn,county,30
1315,Richland,county,30
1316,Phillips,county,30
1317,Liberty,county,30
1318,Glacier,county,30
1319,Valley,county,30
1320,Madison,county,30
1321,Flathead,county,30
1322,Deuel,county,31
1323,Clark,county,32
1324,Grafton,county,33
1325,Essex,county,36
1326,Washington,county,36
1327,Carteret,county,37
1328,Macon,county,37
1329,Cherokee,county,37
1330,Dare,county,37
1331,Beaufort,county,37
1332,Surry,county,37
1333,Pasquotank,county,37
1334,Tyrrell,county,37
1335,Madison,county,37
1336,Robeson,county,37
1337,Ashe,county,37
1338,Cass,county,38
1339,Grand Forks,county,38
1340,Pembina,county,38
1341,Van Wert,county,39
1342,Ottawa,county,39
1343,Bryan,county,40
1344,Harmon,county,40
1345,Douglas,county,41
1346,Malheur,county,41
1347,Wasco,county,41
1348,Baker,county,41
1349,Morrow,county,41
1350,York,county,42
1351,Philadelphia,county,42
1352,Somerset,county,42
1353,Charleston,county,45
1354,Aiken,county,45
1355,Cherokee,county,45
1356,Union,county,46
1357,Hamilton,county,47
1358,Macon,county,47
1359,Elbert,county,13
1360,Menard,county,17
1361,Whitfield,county,13
1362,De Witt,county,17
1363,Anderson,county,48
1364,Ward,county,48
1365,Burnet,county,48
1366,Cherokee,county,48
1367,Jasper,county,48
1368,San Saba,county,48
1369,Burleson,county,48
1370,Irion,county,48
1371,Delta,county,48
1372,San Jacinto,county,48
1373,Freestone,county,48
1374,Foard,county,48
1375,Sutton,county,48
1376,Utah,county,49
1377,Wasatch,county,49
1378,Morgan,county,49
1379,Emery,county,49
1380,Duchesne,county,49
1381,Rappahannock,county,51
1382,Henrico,county,51
1383,Fredericksburg,independent city,51
1384,Hanover,county,51
1385,Nelson,county,51
1386,Page,county,51
1387,Stafford,county,51
1388,Albemarle,county,51
1389,Buena Vista,independent city,51
1390,Franklin,county,53
1391,Randolph,county,54
1392,Roane,county,54
1393,Jefferson,county,48
1394,Lamar,county,48
1395,Uintah,county,49
1396,Essex,county,50
1397,Accomack,county,51
1398,Westmoreland,county,51
1399,Middlesex,county,51
1400,Tazewell,county,51
1401,Frederick,county,51
1402,Loudoun,county,51
1403,Prince William,county,51
1404,Fairfax,county,51
1405,Wise,county,51
1406,Essex,county,51
1407,Whatcom,county,53
1408,Thurston,county,53
1409,Walla Walla,county,53
1410,Mason,county,53
1411,Island,county,53
1412,Wayne,county,54
1413,McDowell,county,54
1414,Wood,county,54
1415,Jefferson,county,54
1416,Pendleton,county,54
1417,Pocahontas,county,54
1418,Grant,county,55
1419,Brown,county,55
1420,Florence,county,55
1421,Uinta,county,56
1422,Big Horn,county,56
1423,Pinal,county,4
1424,Gila,county,4
1425,Bradley,county,5
1426,Lafayette,county,5
1427,Ouachita,county,5
1428,Lonoke,county,5
1429,Hempstead,county,5
1430,Pike,county,5
1431,Butte,county,6
1432,Sacramento,county,6
1433,Plumas,county,6
1434,Trinity,county,6
1435,Colusa,county,6
1436,Merced,county,6
1437,Sutter,county,6
1438,Arapahoe,county,8
1439,Fremont,county,8
1440,Saguache,county,8
1441,Delta,county,8
1442,Jackson,county,8
1443,Ouray,county,8
1444,San Juan,county,8
1445,Nez Perce,county,16
1446,Franklin,county,16
1447,Twin Falls,county,16
1448,Clark,county,16
1449,Owyhee,county,16
1450,Alexander,county,17
1451,Wabash,county,17
1452,Posey,county,18
1453,Clark,county,18
1454,Newton,county,18
1455,Spencer,county,18
1456,Perry,county,18
1457,Comanche,county,20
1458,Scott,county,19
1459,Camden,county,34
1460,Monmouth,county,34
1461,Union,county,34
1462,Essex,county,34
1463,Seward,county,20
1464,Madison,county,36
1465,Chenango,county,36
1466,Bronx,county,36
1467,Oneida,county,36
1468,Morris,county,34
1469,Warren,county,34
1470,Passaic,county,34
1471,Chautauqua,county,36
1472,Westchester,county,36
1473,Otsego,county,36
1474,Sullivan,county,36
1475,Daviess,county,21
1476,Livingston,county,21
1477,Somerset,county,34
1478,Saratoga,county,36
1479,Lewis,county,21
1480,Onondaga,county,36
1481,St. Bernard,parish,22
1482,Jefferson,parish,22
1483,Caddo,parish,22
1484,Marion,county,12
1485,Calcasieu,parish,22
1486,Knox,county,23
1487,Columbia,county,12
1488,Aroostook,county,23
1489,Oxford,county,23
1490,Seminole,county,12
1491,Anchorage,other,2
1492,Copper River,census area,2
1493,North Slope,borough,2
1494,Somerset,county,24
1495,Charles,county,24
1496,Wicomico,county,24
1497,Worcester,county,24
1498,Washington,county,24
1499,Frederick,county,24
1500,Baltimore,county,24
1501,Montgomery,county,24
1502,Prince George's,county,24
1503,Caroline,county,24
1504,Plymouth,county,25
1505,Barnstable,county,25
1506,Jefferson,county,1
1507,Blount,county,1
1508,Leelanau,county,26
1509,Marshall,county,1
1510,Macon,county,1
1511,Emmet,county,26
1512,Montgomery,county,1
1513,Presque Isle,county,26
1514,Lowndes,county,1
1515,Schoolcraft,county,26
1516,Marengo,county,1
1517,Autauga,county,1
1518,St. Louis,county,27
1519,Cook,county,27
1520,Marshall,county,27
1521,Pike,county,28
1522,Issaquena,county,28
1523,Monroe,county,28
1524,Marshall,county,28
1525,Butler,county,29
1526,Henry,county,19
1527,Lucas,county,19
1528,Marshall,county,19
1529,Audubon,county,19
1530,Mitchell,county,20
1531,Ellsworth,county,20
1532,Ness,county,20
1533,Larue,county,21
1534,Fayette,county,21
1535,Scott,county,21
1536,Bullitt,county,21
1537,Bourbon,county,21
1538,Bell,county,21
1539,Taylor,county,21
1540,Nelson,county,21
1541,Caldwell,county,21
1542,Hart,county,21
1543,Harrison,county,21
1544,Mercer,county,21
1545,Jackson,county,21
1546,Knox,county,21
1547,Carter,county,21
1548,Washington,county,21
1549,Breckinridge,county,21
1550,Owsley,county,21
1551,Iberia,parish,22
1552,Robertson,county,47
1553,Claiborne,county,47
1554,Sevier,county,47
1555,Hawkins,county,47
1556,Franklin,county,47
1557,Chambers,county,48
1558,Cameron,county,48
1559,Hidalgo,county,48
1560,Aransas,county,48
1561,San Patricio,county,48
1562,Maverick,county,48
1563,Brazoria,county,48
1564,El Paso,county,48
1565,Cass,county,48
1566,Red River,county,48
1567,Hartley,county,48
1568,Turner,county,46
1569,Haakon,county,46
1570,Rutherford,county,47
1571,Coffee,county,47
1572,Gibson,county,47
1573,Greene,county,47
1574,Hamblen,county,47
1575,Maury,county,47
1576,Cumberland,county,47
1577,Davidson,county,47
1578,Union,county,47
1579,DeKalb,county,47
1580,Van Buren,county,47
1581,Crockett,county,47
1582,Perry,county,47
1583,Meigs,county,47
1584,Travis,county,48
1585,Bexar,county,48
1586,Walker,county,48
1587,Grimes,county,48
1588,Navarro,county,48
1589,Williamson,county,48
1590,Rusk,county,48
1591,Wood,county,48
1592,Upshur,county,48
1593,Hopkins,county,48
1594,Wharton,county,48
1595,Victoria,county,48
1596,Van Zandt,county,48
1597,Crane,county,48
1598,Colorado,county,48
1599,Dawson,county,48
1600,Pecos,county,48
1601,Robertson,county,48
1602,Dimmit,county,48
1603,Mills,county,48
1604,Gillespie,county,48
1605,Jack,county,48
1606,Reagan,county,48
1607,King,county,48
1608,Bossier,parish,22
1609,Lafayette,parish,22
1610,St. Landry,parish,22
1611,Ouachita,parish,22
1612,Acadia,parish,22
1613,Evangeline,parish,22
1614,Caldwell,parish,22
1615,Red River,parish,22
1616,Franklin,parish,22
1617,Luce,county,26
1618,Blue Earth,county,27
1619,Cass,county,27
1620,Nicollet,county,27
1621,Pope,county,27
1622,Itasca,county,27
1623,Chippewa,county,27
1624,Rankin,county,28
1625,Kemper,county,28
1626,Copiah,county,28
1627,Madison,county,28
1628,Attala,county,28
1629,Grenada,county,28
1630,Boone,county,29
1631,Clinton,county,29
1632,Chariton,county,29
1633,Missoula,county,30
1634,Cascade,county,30
1635,Jefferson,county,30
1636,Lewis and Clark,county,30
1637,Judith Basin,county,30
1638,Chouteau,county,30
1639,McCone,county,30
1640,Pondera,county,30
1641,Wheeler,county,31
1642,Seward,county,31
1643,Hooker,county,31
1644,Lander,county,32
1645,Sierra,county,35
1646,De Baca,county,35
1647,Hinsdale,county,8
1648,Wake,county,37
1649,Pitt,county,37
1650,Burke,county,37
1651,Barnes,county,38
1652,Osceola,county,12
1653,Calhoun,county,12
1654,Okeechobee,county,12
1655,Gilchrist,county,12
1656,Gwinnett,county,13
1657,Burke,county,13
1658,Montgomery,county,13
1659,Telfair,county,13
1660,Fayette,county,13
1661,Hall,county,13
1662,Houston,county,13
1663,McDuffie,county,13
1664,Henry,county,13
1665,Barrow,county,13
1666,Bibb,county,13
1667,Bryan,county,13
1668,Polk,county,13
1669,Toombs,county,13
1670,Jefferson,county,13
1671,Taylor,county,13
1672,Talbot,county,13
1673,Brantley,county,13
1674,Hawaii,county,15
1675,Maui,county,15
1676,Elmore,county,16
1677,Lincoln,county,16
1678,Custer,county,16
1679,Fremont,county,16
1680,Adams,county,16
1681,Tippecanoe,county,18
1682,Daviess,county,18
1683,Brown,county,18
1684,Indiana,county,42
1685,Clinton,county,42
1686,Clearfield,county,42
1687,Juniata,county,42
1688,Berkeley,county,45
1689,Kershaw,county,45
1690,Sumter,county,45
1691,Orangeburg,county,45
1692,Union,county,45
1693,Darlington,county,45
1694,Lee,county,45
1695,Allendale,county,45
1696,Putnam,county,12
1697,Concordia,parish,22
1698,Tensas,parish,22
1699,Union,parish,22
1700,West Carroll,parish,22
1701,St. Tammany,parish,22
1702,Lincoln,county,23
1703,Alachua,county,12
1704,St. Mary's,county,24
1705,Yukon-Koyukuk,census area,2
1706,Northwest Arctic,borough,2
1707,Talbot,county,24
1708,Bristol,county,25
1709,Cullman,county,1
1710,Elmore,county,1
1711,Etowah,county,1
1712,Grand Traverse,county,26
1713,Dallas,county,1
1714,Wilkin,county,27
1715,Koochiching,county,27
1716,Kittson,county,27
1717,Clarke,county,1
1718,Pearl River,county,28
1719,Warren,county,28
1720,DeSoto,county,28
1721,Jackson,county,29
1722,Scott,county,29
1723,Cass,county,29
1724,Hill,county,30
1725,Carbon,county,30
1726,Rockingham,county,33
1727,San Juan,county,35
1728,Luna,county,35
1729,Shenandoah,county,51
1730,Warren,county,51
1731,Roanoke,county,51
1732,Amelia,county,51
1733,Greensville,county,51
1734,Campbell,county,51
1735,Lunenburg,county,51
1736,Raleigh,county,54
1737,Nicholas,county,54
1738,Braxton,county,54
1739,Adams,county,55
1740,Foster,county,38
1741,Morton,county,38
1742,Shelby,county,39
1743,Henry,county,39
1744,Hocking,county,39
1745,Kiowa,county,40
1746,Tulsa,county,40
1747,Woods,county,40
1748,Pawnee,county,40
1749,Latimer,county,40
1750,Josephine,county,41
1751,Union,county,41
1752,Jefferson,county,41
1753,Perry,county,42
1754,Fayette,county,42
1755,Lucas,county,39
1756,Columbus,county,37
1757,Clay,county,37
1758,Onslow,county,37
1759,Northampton,county,37
1760,Walsh,county,38
1761,Hamilton,county,39
1762,Washington,county,39
1763,Cuyahoga,county,39
1764,Marshall,county,40
1765,Sequoyah,county,40
1766,Multnomah,county,41
1767,Greene,county,42
1768,Northampton,county,42
1769,Wayne,county,42
1770,Jasper,county,45
1771,Marlboro,county,45
1772,Sumner,county,47
1773,Campbell,county,47
1774,Kenedy,county,48
1775,Webb,county,48
1776,Galveston,county,48
1777,Orange,county,48
1778,Rich,county,49
1779,Pittsylvania,county,51
1780,Mecklenburg,county,51
1781,Carroll,county,51
1782,Dickenson,county,51
1783,York,county,51
1784,Lancaster,county,51
1785,Skagit,county,53
1786,Clark,county,53
1787,Benton,county,53
1788,Okanogan,county,53
1789,Berkeley,county,54
1790,Sitka,borough,2
1791,Independence,county,5
1792,Woodruff,county,5
1793,Conway,county,5
1794,Montgomery,county,5
1795,Calhoun,county,5
1796,Madera,county,6
1797,San Joaquin,county,6
1798,Glenn,county,6
1799,Davis,county,49
1800,Isle of Wight,county,51
1801,New Kent,county,51
1802,Buckingham,county,51
1803,Montgomery,county,51
1804,Augusta,county,51
1805,Culpeper,county,51
1806,Prince Edward,county,51
1807,Southampton,county,51
1808,Amherst,county,51
1809,Floyd,county,51
1810,Madison,county,51
1811,Orange,county,51
1812,Charles City,county,51
1813,King and Queen,county,51
1814,Lexington,independent city,51
1815,Grant,county,53
1816,Lincoln,county,53
1817,Tucker,county,54
1818,Greenbrier,county,54
1819,Boone,county,54
1820,Kanawha,county,54
1821,Logan,county,54
1822,Marion,county,54
1823,Ritchie,county,54
1824,Barbour,county,54
1825,Lewis,county,54
1826,Sauk,county,55
1827,Juneau,county,55
1828,Marquette,county,55
1829,Sublette,county,56
1830,Baldwin,county,1
1831,Barbour,county,1
1832,Little River,county,5
1833,Los Angeles,county,6
1834,San Luis Obispo,county,6
1835,Alpine,county,6
1836,Placer,county,6
1837,Mesa,county,8
1838,Fairfield,county,9
1839,District of Columbia,other,11
1840,Palm Beach,county,12
1841,Lake,county,17
1842,Walton,county,12
1843,Gadsden,county,12
1844,Marion,county,17
1845,Muscogee,county,13
1846,Screven,county,13
1847,Rabun,county,13
1848,Charlton,county,13
1849,Pulaski,county,17
1850,Winnebago,county,19
1851,Middlesex,county,34
1852,Clark,county,20
1853,Oswego,county,36
1854,Orange,county,36
1855,Delaware,county,36
1856,Jefferson,county,21
1857,Lafourche,parish,22
1858,Webster,parish,22
1859,Benton,county,18
1860,Denver,county,8
1861,Chaffee,county,8
1862,Lake,county,8
1863,Highlands,county,12
1864,Liberty,county,12
1865,Cobb,county,13
1866,Wilkes,county,13
1867,White,county,13
1868,Tattnall,county,13
1869,Treutlen,county,13
1870,Wayne,county,13
1871,Gilmer,county,13
1872,Oconee,county,13
1873,Kauai,county,15
1874,Camas,county,16
1875,Power,county,16
1876,Washington,county,18
1877,Huntington,county,18
1878,Pike,county,18
1879,O'Brien,county,19
1880,Riley,county,20
1881,Gray,county,20
1882,Kearny,county,20
1883,Butler,county,21
1884,Allen,county,21
1885,Bath,county,21
1886,Rowan,county,21
1887,Rockcastle,county,21
1888,Iberville,parish,22
1889,Rapides,parish,22
1890,Pointe Coupee,parish,22
1891,St. Helena,parish,22
1892,Piscataquis,county,23
1893,Franklin,county,23
1894,Missaukee,county,26
1895,Yazoo,county,28
1896,Yalobusha,county,28
1897,Callaway,county,29
1898,Dade,county,29
1899,Carroll,county,29
1900,Camden,county,29
1901,Powell,county,30
1902,Fergus,county,30
1903,Rosebud,county,30
1904,Clay,county,31
1905,Caldwell,county,37
1906,Nash,county,37
1907,Johnston,county,37
1908,Buncombe,county,37
1909,Richmond,county,37
1910,McDowell,county,37
1911,Yancey,county,37
1912,Benson,county,38
1913,McLean,county,38
1914,Logan,county,39
1915,Deschutes,county,41
1916,Centre,county,42
1917,Chester,county,42
1918,Lebanon,county,42
1919,Northumberland,county,42
1920,Richland,county,45
1921,Pickens,county,45
1922,Marion,county,45
1923,Pennington,county,46
1924,Charles Mix,county,46
1925,Hickman,county,47
1926,Grainger,county,47
1927,Smith,county,47
1928,Roane,county,47
1929,Johnson,county,47
1930,Carter,county,47
1931,Morris,county,48
1932,Bosque,county,48
1933,Goliad,county,48
1934,Upton,county,48
1935,Titus,county,48
1936,Nolan,county,48
1937,Menard,county,48
1938,Throckmorton,county,48
1939,Loving,county,48
1940,Garfield,county,49
1941,Carbon,county,49
1942,Beaver,county,49
1943,Ramsey,county,38
1944,McKenzie,county,38
1945,Cleveland,county,40
1946,McClain,county,40
1947,Stephens,county,40
1948,Pottawatomie,county,40
1949,Schley,county,13
1950,Edwards,county,17
1951,Jefferson,county,12
1952,McIntosh,county,13
1953,Chatham,county,13
1954,Effingham,county,13
1955,Clay,county,5
1956,San Bernardino,county,6
1957,San Mateo,county,6
1958,El Dorado,county,6
1959,Las Animas,county,8
1960,Phillips,county,8
1961,Washoe,county,32
1962,Hyde,county,37
1963,Polk,county,37
1964,Rolette,county,38
1965,Tillman,county,40
1966,Choctaw,county,40
1967,Delaware,county,42
1968,Colleton,county,45
1969,Georgetown,county,45
1970,Hardeman,county,47
1971,Henry,county,47
1972,Teton,county,16
1973,Bear Lake,county,16
1974,Knox,county,18
1975,Alger,county,26
1976,Monroe,county,1
1977,Washington,county,28
1978,St. Charles,county,29
1979,McKinley,county,35
1980,Erie,county,39
1981,Bucks,county,42
1982,Starr,county,48
1983,Clallam,county,53
1984,Cross,county,5
1985,Adams,county,8
1986,Wilcox,county,13
1987,Boise,county,16
1988,Ford,county,20
1989,Perry,county,21
1990,Vernon,parish,22
1991,Catahoula,parish,22
1992,Adams,county,31
1993,Bladen,county,37
1994,Marion,county,41
1995,Cumberland,county,42
1996,Knox,county,47
1997,Montgomery,county,48
1998,Leon,county,48
1999,Camp,county,48
2000,Louisa,county,51
2001,Bath,county,51
2002,Hartford,county,9
2003,Mohave,county,4
2004,Chicot,county,5
2005,Marin,county,6
2006,Beaverhead,county,30
2007,New Hanover,county,37
2008,Linn,county,41
2009,Grant,county,41
2010,Russell,county,51
2011,Bedford,county,51
2012,Franklin,county,51
2013,Dinwiddie,county,51
2014,Powhatan,county,51
2015,Goochland,county,51
2016,Kittitas,county,53
2017,Harrison,county,54
2018,Lincoln,county,54
2019,Houston,county,1
2020,Ashley,county,5
2021,Santa Clara,county,6
2022,Montezuma,county,8
2023,Pasco,county,12
2024,Lincoln,county,13
2025,Gloucester,county,34
2026,Suffolk,county,36
2027,Jefferson,county,36
2028,Warren,county,36
2029,York,county,23
2030,Lake and Peninsula,borough,2
2031,Anne Arundel,county,24
2032,Wilkinson,county,28
2033,Sanders,county,30
2034,Bertie,county,37
2035,Jefferson,county,40
2036,Pike,county,42
2037,Washington,county,44
2038,Tripp,county,46
2039,Scott,county,47
2040,Reeves,county,48
2041,Nassau,county,36
2042,New York,county,36
2043,Kings,county,36
2044,Ballard,county,21
2045,Cumberland,county,34
2046,St. Mary,parish,22
2047,Beauregard,parish,22
2048,Sumter,county,12
2049,West Feliciana,parish,22
2050,Cumberland,county,23
2051,Waldo,county,23
2052,Somerset,county,23
2053,Sierra,county,6
2054,Suffolk,county,25
2055,Worcester,county,25
2056,Shelby,county,1
2057,Delta,county,26
2058,Keweenaw,county,26
2059,Wayne,county,26
2060,Huron,county,26
2061,Menominee,county,26
2062,Washington,county,27
2063,Adams,county,28
2064,Lowndes,county,28
2065,Tunica,county,28
2066,Bates,county,29
2067,Dunklin,county,29
2068,Jefferson,county,29
2069,Clay,county,19
2070,Kiowa,county,20
2071,Estill,county,21
2072,Powell,county,21
2073,Magoffin,county,21
2074,Knott,county,21
2075,Wayne,county,21
2076,Ohio,county,21
2077,Breathitt,county,21
2078,East Baton Rouge,parish,22
2079,Terrell,county,48
2080,Hudspeth,county,48
2081,San Juan,county,49
2082,Box Elder,county,49
2083,Windsor,county,50
2084,Northampton,county,51
2085,Pacific,county,53
2086,Whitman,county,53
2087,Mineral,county,54
2088,Hampshire,county,54
2089,Grant,county,54
2090,Trempealeau,county,55
2091,Crawford,county,55
2092,Bayfield,county,55
2093,White,county,5
2094,Yolo,county,6
2095,Napa,county,6
2096,Stanislaus,county,6
2097,Tuolumne,county,6
2098,Mariposa,county,6
2099,Eagle,county,8
2100,Clear Creek,county,8
2101,Jackson,county,13
2102,DeKalb,county,13
2103,Union,county,13
2104,Bulloch,county,13
2105,Baker,county,13
2106,Bannock,county,16
2107,Lewis,county,16
2108,Blaine,county,16
2109,Clinton,county,18
2110,Jackson,county,18
2111,Calhoun,county,45
2112,Meade,county,46
2113,Ziebach,county,46
2114,Wilson,county,47
2115,Dyer,county,47
2116,Moore,county,47
2117,Haskell,county,48
2118,Brazos,county,48
2119,Bee,county,48
2120,Midland,county,48
2121,Jackson,county,48
2122,Lee,county,48
2123,San Augustine,county,48
2124,Baylor,county,48
2125,Crockett,county,48
2126,Stearns,county,27
2127,Douglas,county,27
2128,Morrison,county,27
2129,Leflore,county,28
2130,DeKalb,county,29
2131,Schuyler,county,29
2132,York,county,31
2133,Garden,county,31
2134,Jackson,county,37
2135,Halifax,county,37
2136,Ontario,county,36
2137,Orange,county,12
2138,Yakutat,borough,2
2139,Citrus,county,12
2140,Benton,county,5
2141,Siskiyou,county,6
2142,New Haven,county,9
2143,Mineral,county,30
2144,Gallatin,county,30
2145,Rutherford,county,37
2146,Traill,county,38
2147,Curry,county,41
2148,Klamath,county,41
2149,McCormick,county,45
2150,Putnam,county,17
2151,Henderson,county,21
2152,Martin,county,21
2153,Harlan,county,21
2154,Plaquemines,parish,22
2155,Tangipahoa,parish,22
2156,Queen Anne's,county,24
2157,Middlesex,county,25
2158,Baraga,county,26
2159,Wilcox,county,1
2160,New Madrid,county,29
2161,Keokuk,county,19
2162,Morgan,county,21
2163,Crittenden,county,21
2164,Weakley,county,47
2165,Calhoun,county,48
2166,Marion,county,48
2167,Gloucester,county,51
2168,Buchanan,county,51
2169,Morgan,county,54
2170,Buffalo,county,55
2171,Jefferson,county,5
2172,Huerfano,county,8
2173,Pitkin,county,8
2174,Pierce,county,13
2175,Taliaferro,county,13
2176,Cassia,county,16
2177,Gibson,county,18
2178,Sullivan,county,42
2179,Greenwood,county,45
2180,Williamson,county,47
2181,Benton,county,47
2182,Morgan,county,47
2183,Ellis,county,48
2184,Howard,county,48
2185,LaSalle,parish,22
2186,Redwood,county,27
2187,Humphreys,county,28
2188,Garfield,county,30
2189,Montgomery,county,37
2190,Sheridan,county,38
2191,Chesterfield,county,51
2192,Rockbridge,county,51
2193,Prince George,county,51
2194,Yakima,county,53
2195,Natrona,county,56
2196,Colbert,county,1
2197,Contra Costa,county,6
2198,Santa Barbara,county,6
2199,Larimer,county,8
2200,Grand,county,8
2201,Jackson,county,12
2202,Clinton,county,17
2203,Mercer,county,34
2204,Coleman,county,48
2205,Roberts,county,48
2206,Charlotte,county,51
2207,Calhoun,county,54
2208,Cook,county,17
2209,Riverside,county,6
2210,Strafford,county,33
2211,Burke,county,38
2212,Bennett,county,46
2213,Hamilton,county,20
2214,Cape May,county,34
2215,Union,county,12
2216,Norfolk,county,25
2217,St. Clair,county,26
2218,Faribault,county,27
2219,Muhlenberg,county,21
2220,Elliott,county,21
2221,Andrews,county,48
2222,Kane,county,49
2223,King George,county,51
2224,Grays Harbor,county,53
2225,Teton,county,56
2226,Newton,county,13
2227,Graham,county,37
2228,Richland,county,38
2229,Gilliam,county,41
2230,York,county,45
2231,Columbia,county,13
2232,Brown,county,20
2233,Burlington,county,34
2234,Hardin,county,21
2235,Vermilion,parish,22
2236,Fairbanks North Star,borough,2
2237,Kodiak Island,borough,2
2238,Marquette,county,26
2239,Gogebic,county,26
2240,Holt,county,29
2241,Park,county,56
2242,Lake,county,6
2243,Greene,county,13
2244,Murray,county,13
2245,Oglethorpe,county,13
2246,Canyon,county,16
2247,Henry,county,18
2248,Menifee,county,21
2249,Natchitoches,parish,22
2250,Jefferson Davis,parish,22
2251,Brown,county,27
2252,Daviess,county,29
2253,Petroleum,county,30
2254,Livingston,county,36
2255,Martin,county,37
2256,Greene,county,37
2257,Blair,county,42
2258,Huntingdon,county,42
2259,Bamberg,county,45
2260,Rhea,county,47
2261,Marshall,county,47
2262,Comal,county,48
2263,Guadalupe,county,48
2264,Washington,county,48
2265,Botetourt,county,51
2266,Douglas,county,53
2267,Marion,county,5
2268,Lassen,county,6
2269,Archuleta,county,8
2270,Kiowa,county,8
2271,Cheyenne,county,8
2272,Rio Blanco,county,8
2273,Madison,county,48
2274,Avoyelles,parish,22
2275,Madison,county,13
2276,Appling,county,13
2277,Hancock,county,13
2278,Florence,county,45
2279,Davison,county,46
2280,Anderson,county,47
2281,Austin,county,48
2282,Anderson,county,20
2283,Grayson,county,21
2284,Harris,county,48
2285,Alleghany,county,51
2286,King,county,53
2287,Stevens,county,53
2288,Door,county,55
2289,Sheridan,county,56
2290,Amador,county,6
2291,Lamar,county,13
2292,Butte,county,16
2293,Lexington,county,45
2294,Lyman,county,46
2295,Dewey,county,46
2296,McMinn,county,47
2297,Humphreys,county,47
2298,Smith,county,48
2299,Henderson,county,48
2300,Motley,county,48
2301,Morehouse,parish,22
2302,Norman,county,27
2303,Lake,county,30
2304,Broadwater,county,30
2305,Grant,county,31
2306,Jones,county,37
2307,Davie,county,37
2308,Seminole,county,40
2309,Dauphin,county,42
2310,Cimarron,county,40
2311,Providence,county,44
2312,Tipton,county,47
2313,Halifax,county,51
2314,Weber,county,49
2315,Pulaski,county,51
2316,King William,county,51
2317,Wyoming,county,54
2318,Washington,county,1
2319,Hamilton,county,12
2320,Habersham,county,13
2321,Washington,county,17
2322,Erie,county,36
2323,Clinton,county,36
2324,Sabine,parish,22
2325,Lac qui Parle,county,27
2326,Lewis,county,53
2327,Fremont,county,56
2328,Ventura,county,6
2329,Alfalfa,county,40
2330,Wolfe,county,21
2331,Livingston,parish,22
2332,Mora,county,35
2333,Hampton,county,45
2334,Shelby,county,48
2335,Sanpete,county,49
2336,Clackamas,county,41
2337,Letcher,county,21
2338,Sagadahoc,county,23
2339,Nicholas,county,21
2340,Dallam,county,48
2341,Jackson,county,5
2342,Washington,county,13
2343,Mellette,county,46
2344,Rains,county,48
2345,Sumter,county,1
2346,San Miguel,county,8
2347,Volusia,county,12
2348,Santa Rosa,county,12
2349,Lemhi,county,16
2350,Bergen,county,34
2351,Niagara,county,36
2352,Calvert,county,24
2353,Hale,county,1
2354,Martin,county,27
2355,Cape Girardeau,county,29
2356,Erie,county,42
2357,Lancaster,county,45
2358,Sullivan,county,47
2359,Hansford,county,48
2360,Henry,county,51
2361,Highland,county,51
2362,Hardy,county,54
2363,Maricopa,county,4
2364,Lawrence,county,5
2365,Gunnison,county,8
2366,Mitchell,county,13
2367,Warren,county,13
2368,Owen,county,21
2369,Stoddard,county,29
2370,Pulaski,county,29
2371,Teton,county,30
2372,Cumberland,county,37
2373,Franklin,county,37
2374,Brooks,county,48
2375,Trinity,county,48
2376,Navajo,county,4
2377,Polk,county,5
2378,Southeast Fairbanks,census area,2
2379,Crenshaw,county,1
2380,Clay,county,21
2381,Tooele,county,49
2382,Cabell,county,54
2383,Arkansas,county,5
2384,Putnam,county,47
2385,Hernando,county,12
2386,Union,county,37
2387,Anderson,county,21
2388,Clearwater,county,16
2389,Geneva,county,1
2390,Henry,county,1
2391,Chambers,county,1
2392,Lamar,county,1
2393,Limestone,county,1
2394,Jackson,county,17
2395,Baker,county,12
2396,Jasper,county,17
2397,Perry,county,17
2398,Harris,county,13
2399,Forrest,county,28
2400,Hoke,county,37
2401,Billings,county,38
2402,Muskogee,county,40
2403,Sherman,county,41
2404,Perquimans,county,37
2405,Lane,county,41
2406,Sabine,county,48
2407,Brewster,county,48
2408,Fresno,county,6
2409,Salt Lake,county,49
2410,Spotsylvania,county,51
2411,Gilmer,county,54
2412,Leon,county,12
2413,Washington,county,16
2414,Martinsville,independent city,51
2415,Solano,county,6
2416,Scotland,county,37
2417,Le Flore,county,40
2418,Giles,county,47
2419,Harrison,county,18
2420,Twiggs,county,13
2421,Hennepin,county,27
2422,Keith,county,31
2423,Anson,county,37
2424,Stanley,county,46
2425,Manassas Park,independent city,51
2426,Alpena,county,26
2427,Jay,county,18
2428,Jersey,county,17
2429,Franklin,county,13
2430,Oneida,county,16
2431,Union,county,17
2432,Pope,county,17
2433,Indian River,county,12
2434,Edgar,county,17
2435,Knox,county,17
2436,Bay,county,12
2437,Madison,county,17
2438,Winnebago,county,17
2439,Shelby,county,17
2440,Holmes,county,12
2441,Tazewell,county,17
2442,Sangamon,county,17
2443,DeKalb,county,17
2444,Hart,county,13
2445,Towns,county,13
2446,Crawford,county,18
2447,Wyandotte,county,20
2448,Pottawattamie,county,19
2449,Wayne,county,19
2450,Labette,county,20
2451,Dickinson,county,19
2452,Woodbury,county,19
2453,Emmet,county,19
2454,Meade,county,21
2455,Oldham,county,21
2456,Calloway,county,21
2457,Polk,county,12
2458,Seneca,county,36
2459,Clay,county,12
2460,Iroquois,county,17
2461,Greene,county,17
2462,Vermillion,county,18
2463,LaPorte,county,18
2464,Prince of Wales-Hyder,census area,2
2465,Hoonah-Angoon,census area,2
2466,Dukes,county,25
2467,Nantucket,county,25
2468,Mackinac,county,26
2469,Tallapoosa,county,1
2470,Oceana,county,26
2471,Tuscola,county,26
2472,Cherokee,county,20
2473,Sumner,county,20
2474,Jewell,county,20
2475,Muscatine,county,19
2476,Appanoose,county,19
2477,Morton,county,20
2478,Norton,county,20
2479,Sherman,county,20
2480,Doniphan,county,20
2481,Broome,county,36
2482,Rockland,county,36
2483,Cumberland,county,21
2484,Monroe,county,36
2485,Franklin,county,36
2486,Claiborne,parish,22
2487,Washington,county,23
2488,Hardee,county,12
2489,Putnam,county,36
2490,Chisago,county,27
2491,Wabasha,county,27
2492,Amite,county,28
2493,Lauderdale,county,28
2494,Tippah,county,28
2495,Alcorn,county,28
2496,Newton,county,29
2497,Nodaway,county,29
2498,Crawford,county,17
2499,Clark,county,17
2500,Antrim,county,26
2501,Rock,county,27
2502,Traverse,county,27
2503,Roseau,county,27
2504,Houston,county,27
2505,Santa Cruz,county,4
2506,Scott,county,5
2507,Medina,county,39
2508,Noble,county,39
2509,Mercer,county,38
2510,Stark,county,38
2511,Wells,county,38
2512,Dallas,county,48
2513,Hood,county,48
2514,Somervell,county,48
2515,Peoria,county,17
2516,Cherokee,county,1
2517,Warren,county,39
2518,Champaign,county,39
2519,Richland,county,39
2520,Parker,county,48
2521,Eastland,county,48
2522,Brown,county,48
2523,Calhoun,county,13
2524,Overton,county,47
2525,Neosho,county,20
2526,McPherson,county,20
2527,Franklin,county,20
2528,Stafford,county,20
2529,Allen,county,20
2530,Antelope,county,31
2531,Johnson,county,31
2532,Dawson,county,31
2533,Harding,county,46
2534,Shelby,county,47
2535,Lawrence,county,47
2536,Lewis,county,47
2537,Ottawa,county,20
2538,Kingman,county,20
2539,Logan,county,20
2540,Durham,county,37
2541,Orange,county,37
2542,Henderson,county,37
2543,Moore,county,37
2544,Yell,county,5
2545,Izard,county,5
2546,Jeff Davis,county,13
2547,Pulaski,county,13
2548,Preble,county,39
2549,Greeley,county,20
2550,Stevens,county,20
2551,Lane,county,20
2552,Sheboygan,county,55
2553,Milwaukee,county,55
2554,Manitowoc,county,55
2555,Cass,county,31
2556,Douglas,county,31
2557,Clermont,county,39
2558,Defiance,county,39
2559,Murray,county,27
2560,Union,county,28
2561,Warren,county,47
2562,Stanton,county,20
2563,Lawrence,county,18
2564,Morgan,county,18
2565,Montgomery,county,18
2566,Miami,county,18
2567,Gove,county,20
2568,Androscoggin,county,23
2569,Washtenaw,county,26
2570,Montcalm,county,26
2571,Clare,county,26
2572,Coahoma,county,28
2573,Lincoln,county,28
2574,Pierce,county,55
2575,Jefferson,county,16
2576,Scott,county,20
2577,Elk,county,20
2578,Marshall,county,21
2579,Sullivan,county,29
2580,Sweet Grass,county,30
2581,Los Alamos,county,35
2582,Randolph,county,37
2583,Lincoln,county,5
2584,Marion,county,47
2585,Pickett,county,47
2586,Refugio,county,48
2587,Harrison,county,48
2588,Vilas,county,55
2589,Jerome,county,16
2590,Prairie,county,30
2591,Fallon,county,30
2592,Colfax,county,31
2593,Kewaunee,county,55
2594,Elbert,county,8
2595,Alamosa,county,8
2596,Elko,county,32
2597,Macon,county,13
2598,Seminole,county,13
2599,Houston,county,47
2600,Hamilton,county,48
2601,Pulaski,county,21
2602,St. Croix,county,55
2603,Carbon,county,56
2604,Lea,county,35
2605,Otero,county,35
2606,Gratiot,county,26
2607,Wexford,county,26
2608,Jefferson,county,39
2609,Lake,county,39
2610,Warren,county,21
2611,Oconto,county,55
2612,Mississippi,county,29
2613,Oregon,county,29
2614,Mecosta,county,26
2615,Kalkaska,county,26
2616,Bradford,county,42
2617,Crawford,county,42
2618,Warren,county,42
2619,Panola,county,28
2620,Calhoun,county,28
2621,Pontotoc,county,28
2622,Clay,county,48
2623,Bingham,county,16
2624,Wayne,county,47
2625,Montgomery,county,21
2626,Barren,county,21
2627,Bent,county,8
2628,Mineral,county,8
2629,Clayton,county,13
2630,Montague,county,48
2631,Collingsworth,county,48
2632,Crisp,county,13
2633,Russell,county,21
2634,Burnett,county,55
2635,Storey,county,32
2636,San Miguel,county,35
2637,Curry,county,35
2638,Union,county,35
2639,Steuben,county,36
2640,Caswell,county,37
2641,Pike,county,13
2642,Grant,county,40
2643,Harper,county,40
2644,Ozaukee,county,55
2645,Chattahoochee,county,13
2646,Logan,county,5
2647,Poinsett,county,5
2648,Madison,county,5
2649,Beltrami,county,27
2650,Otter Tail,county,27
2651,Mille Lacs,county,27
2652,Adair,county,40
2653,Dooly,county,13
2654,Webster,county,13
2655,Gem,county,16
2656,Stone,county,29
2657,Vernon,county,29
2658,Fulton,county,42
2659,Clay,county,46
2660,Moody,county,46
2661,Randolph,county,13
2662,Haywood,county,47
2663,Morris,county,20
2664,Sedgwick,county,20
2665,Reno,county,20
2666,Shelby,county,29
2667,Green,county,21
2668,Pendleton,county,21
2669,Bartow,county,13
2670,Morgan,county,13
2671,Grundy,county,47
2672,Jackson,county,20
2673,Osage,county,20
2674,Valley,county,31
2675,Sherman,county,31
2676,Logan,county,31
2677,Wahkiakum,county,53
2678,Emmons,county,38
2679,Pope,county,5
2680,Lorain,county,39
2681,Adams,county,38
2682,Cavalier,county,38
2683,Marion,county,20
2684,Rice,county,20
2685,Cloud,county,20
2686,Hancock,county,54
2687,Jackson,county,54
2688,Brooke,county,54
2689,Newton,county,5
2690,Toole,county,30
2691,Cheyenne,county,31
2692,Scotland,county,29
2693,Le Sueur,county,27
2694,Kandiyohi,county,27
2695,Hubbard,county,27
2696,Racine,county,55
2697,Atkinson,county,13
2698,Minidoka,county,16
2699,Stark,county,17
2700,Martin,county,18
2701,Jasper,county,18
2702,Thomas,county,20
2703,Assumption,parish,22
2704,Penobscot,county,23
2705,Saline,county,31
2706,Greene,county,51
2707,Cannon,county,47
2708,Hunt,county,48
2709,Chickasaw,county,19
2710,Jefferson,county,20
2711,Gentry,county,29
2712,Dent,county,29
2713,Iron,county,49
2714,Sevier,county,49
2715,Lamoille,county,50
2716,Vermilion,county,17
2717,Albany,county,56
2718,Weston,county,56
2719,Andrew,county,29
2720,Clark,county,29
2721,Monroe,county,17
2722,Jefferson,county,42
2723,Martin,county,12
2724,Flagler,county,12
2725,Newport News,independent city,51
2726,Clarke,county,51
2727,Jasper,county,29
2728,Barry,county,29
2729,Comanche,county,40
2730,Brule,county,46
2731,Day,county,46
2732,Upshur,county,54
2733,Burleigh,county,38
2734,Ada,county,16
2735,Benewah,county,16
2736,Ellis,county,20
2737,Dewey,county,40
2738,Blaine,county,40
2739,Crook,county,41
2740,Richmond,independent city,51
2741,Fayette,county,54
2742,Webster,county,54
2743,Wallowa,county,41
2744,Beaver,county,42
2745,Union,county,39
2746,Tuscarawas,county,39
2747,Hill,county,48
2748,Sussex,county,51
2749,Lee,county,17
2750,Mercer,county,17
2751,Clay,county,28
2752,Randolph,county,29
2753,Phelps,county,29
2754,Hardin,county,48
2755,Nacogdoches,county,48
2756,Dickens,county,48
2757,Potter,county,48
2758,Conejos,county,8
2759,Macon,county,17
2760,Hanson,county,46
2761,Potter,county,46
2762,Jerauld,county,46
2763,Deaf Smith,county,48
2764,Washington,county,49
2765,Bennington,county,50
2766,Baxter,county,5
2767,Prowers,county,8
2768,Kit Carson,county,8
2769,Berks,county,42
2770,Trousdale,county,47
2771,Columbia,county,55
2772,Wood,county,55
2773,Butts,county,13
2774,Clarke,county,13
2775,Sharp,county,5
2776,Ross,county,39
2777,Vinton,county,39
2778,Cambria,county,42
2779,Lynchburg,independent city,51
2780,Galax,independent city,51
2781,Quitman,county,13
2782,Ogle,county,17
2783,McKean,county,42
2784,Ripley,county,18
2785,Blackford,county,18
2786,Mahaska,county,19
2787,Buchanan,county,19
2788,Black Hawk,county,19
2789,Harrison,county,39
2790,Limestone,county,48
2791,Swisher,county,48
2792,Tom Green,county,48
2793,Falls Church,independent city,51
2794,Norton,independent city,51
2795,Coles,county,17
2796,Echols,county,13
2797,Polk,county,47
2798,Shannon,county,29
2799,Ray,county,29
2800,Henry,county,29
2801,Milam,county,48
2802,Marion,county,29
2803,Jackson,county,47
2804,Iowa,county,55
2805,Caledonia,county,50
2806,Brunswick,county,51
2807,Columbia,county,5
2808,St. Louis,independent city,29
2809,Lycoming,county,42
2810,Marathon,county,55
2811,Kern,county,6
2812,Monroe,county,12
2813,Meriwether,county,13
2814,Dawson,county,13
2815,Jefferson,county,19
2816,Pulaski,county,5
2817,Okfuskee,county,40
2818,Carbon,county,42
2819,Petersburg,independent city,51
2820,Whiteside,county,17
2821,Williamson,county,17
2822,Henderson,county,47
2823,Dallas,county,19
2824,Hamilton,county,19
2825,Iowa,county,19
2826,Bollinger,county,29
2827,Okmulgee,county,40
2828,Gray,county,48
2829,Randall,county,48
2830,Young,county,48
2831,Shackelford,county,48
2832,Mason,county,48
2833,Schleicher,county,48
2834,Bland,county,51
2835,Bradley,county,47
2836,Waupaca,county,55
2837,Langlade,county,55
2838,St. Clair,county,29
2839,Maries,county,29
2840,Benton,county,29
2841,Norfolk,independent city,51
2842,Borden,county,48
2843,Kankakee,county,17
2844,Chippewa,county,55
2845,Platte,county,56
2846,Charlotte,county,12
2847,Suffolk,independent city,51
2848,Bristol,independent city,51
2849,Marion,county,13
2850,Sedgwick,county,8
2851,Windham,county,9
2852,Pike,county,29
2853,Kane,county,17
2854,Sarasota,county,12
2855,Brown,county,17
2856,Franklin,county,1
2857,Glascock,county,13
2858,Washington,county,19
2859,Hancock,county,19
2860,Adams,county,19
2861,Pittsburg,county,40
2862,Rogers,county,40
2863,Luzerne,county,42
2864,Lackawanna,county,42
2865,Lee,county,1
2866,Schenectady,county,36
2867,Chemung,county,36
2868,Dutchess,county,36
2869,Morgan,county,1
2870,Berrien,county,26
2871,Washington,county,37
2872,Dickinson,county,26
2873,Columbia,county,36
2874,Union,county,21
2875,Pemiscot,county,29
2876,Polk,county,19
2877,Humboldt,county,19
2878,Poweshiek,county,19
2879,Shelby,county,19
2880,Chilton,county,1
2881,Tillamook,county,41
2882,Kootenai,county,16
2883,Taney,county,29
2884,Howell,county,29
2885,Dade,county,13
2886,Dearborn,county,18
2887,Randolph,county,18
2888,Allen,county,18
2889,Umatilla,county,41
2890,Allamakee,county,19
2891,Boone,county,21
2892,Fannin,county,13
2893,Stephens,county,13
2894,Sarpy,county,31
2895,Nye,county,32
2896,Fremont,county,19
2897,Watauga,county,37
2898,Warrick,county,18
2899,Jefferson,county,17
2900,Moffat,county,8
2901,Ralls,county,29
2902,Barton,county,29
2903,Sheridan,county,30
2904,Chase,county,31
2905,Van Buren,county,26
2906,Lenawee,county,26
2907,Hillsdale,county,26
2908,Avery,county,37
2909,Dale,county,1
2910,Carroll,county,17
2911,Washington,county,5
2912,Hancock,county,21
2913,Cameron,parish,22
2914,Texas,county,40
2915,Ellis,county,40
2916,Perry,county,1
2917,Fayette,county,1
2918,Albany,county,36
2919,Sussex,county,34
2920,Wapello,county,19
2921,Grundy,county,19
2922,Butler,county,19
2923,Bremer,county,19
2924,Madison,county,19
2925,Montgomery,county,19
2926,Elkhart,county,18
2927,Leavenworth,county,20
2928,Hood River,county,41
2929,Kent,county,44
2930,Pike,county,17
2931,Decatur,county,13
2932,Walker,county,13
2933,Stephenson,county,17
2934,Humboldt,county,32
2935,Lincoln,county,32
2936,Carroll,county,33
2937,Lyon,county,19
2938,Smith,county,20
2939,Sullivan,county,18
2940,Fulton,county,5
2941,Baca,county,8
2942,Harlan,county,31
2943,Gage,county,31
2944,Thayer,county,31
2945,Hancock,county,23
2946,Matanuska-Susitna,borough,2
2947,Muskegon,county,26
2948,Bibb,county,1
2949,Clay,county,1
2950,Gates,county,37
2951,Slope,county,38
2952,Dickey,county,38
2953,Kenai Peninsula,borough,2
2954,Juneau,borough,2
2955,Chugach,census area,2
2956,Kusilvak,census area,2
2957,Harford,county,24
2958,Haines,borough,2
2959,Essex,county,25
2960,Hampden,county,25
2961,Adair,county,19
2962,Louisa,county,19
2963,Roger Mills,county,40
2964,Delaware,county,40
2965,Franklin,county,17
2966,Randolph,county,1
2967,Cochise,county,4
2968,Wright,county,19
2969,Washington,county,20
2970,Payette,county,16
2971,Jefferson,county,18
2972,Page,county,19
2973,Taylor,county,19
2974,Ringgold,county,19
2975,Carson City,other,32
2976,Sullivan,county,33
2977,Rusk,county,55
2978,Greenlee,county,4
2979,McCracken,county,21
2980,Latah,county,16
2981,Knox,county,31
2982,Cleveland,county,37
2983,Rockingham,county,37
2984,Person,county,37
2985,Washington,county,55
2986,Niobrara,county,56
2987,Washakie,county,56
2988,Warren,county,18
2989,Richmond,county,36
2990,Cortland,county,36
2991,Mason,county,21
2992,Cherry,county,31
2993,Calhoun,county,1
2994,Iosco,county,26
2995,Alcona,county,26
2996,Nowata,county,40
2997,Marshall,county,20
2998,Graves,county,21
2999,Gallatin,county,21
3000,Tompkins,county,36
3001,Webster,county,19
3002,Bay,county,26
3003,Ste. Genevieve,county,29
3004,Washington,county,40
3005,Jackson,county,41
3006,Lake,county,41
3007,Chautauqua,county,20
3008,Wayne,county,36
3009,Calhoun,county,19
3010,Greene,county,19
3011,Sac,county,19
3012,Floyd,county,19
3013,Jasper,county,19
3014,Decatur,county,18
3015,Tipton,county,18
3016,Orange,county,18
3017,Marshall,county,17
3018,Gallatin,county,17
3019,Davis,county,19
3020,Clayton,county,19
3021,Granville,county,37
3022,Todd,county,46
3023,Covington,county,1
3024,Schuyler,county,17
3025,Catoosa,county,13
3026,Bond,county,17
3027,Hardin,county,17
3028,Piatt,county,17
3029,Cedar,county,31
3030,Pawnee,county,31
3031,Coke,county,48
3032,Real,county,48
3033,Osborne,county,20
3034,Chase,county,20
3035,Shawnee,county,20
3036,Renville,county,38
3037,Greene,county,36
3038,Schoharie,county,36
3039,White,county,18
3040,Scott,county,18
3041,Kerr,county,48
3042,Uvalde,county,48
3043,Windham,county,50
3044,Portsmouth,independent city,51
3045,Lawrence,county,39
3046,Adams,county,39
3047,Pipestone,county,27
3048,Beckham,county,40
3049,Carroll,county,21
3050,Montgomery,county,36
3051,Johnson,county,48
3052,Obion,county,47
3053,Upson,county,13
3054,Barnwell,county,45
3055,Fillmore,county,27
3056,Butler,county,1
3057,Clay,county,29
3058,Mercer,county,29
3059,Owen,county,18
3060,Hancock,county,47
3061,Newton,county,48
3062,Stone,county,5
3063,Chester,county,45
3064,Ionia,county,26
3065,Osceola,county,26
3066,Gladwin,county,26
3067,Dillon,county,45
3068,Minnehaha,county,46
3069,Van Buren,county,19
3070,Montgomery,county,47
3071,Carroll,county,13
3072,Kings,county,6
3073,Fountain,county,18
3074,Otsego,county,26
3075,Montmorency,county,26
3076,Lyon,county,27
3077,Mathews,county,51
3078,Nemaha,county,20
3079,Phillips,county,20
3080,Bourbon,county,20
3081,Scott,county,17
3082,Richland,county,17
3083,Jones,county,48
3084,Elk,county,42
3085,Jim Wells,county,48
3086,Fisher,county,48
3087,Palo Pinto,county,48
3088,Carson,county,48
3089,Poquoson,independent city,51
3090,Lumpkin,county,13
3091,Brown,county,39
3092,Gallia,county,39
3093,Erath,county,48
3094,Atascosa,county,48
3095,Wilson,county,48
3096,Martin,county,48
3097,Zapata,county,48
3098,Panola,county,48
3099,Douglas,county,13
3100,Custer,county,46
3101,Jackson,county,28
3102,Winston,county,1
3103,George,county,28
3104,Boyle,county,21
3105,Webster,county,21
3106,Cochran,county,48
3107,Teller,county,8
3108,Glades,county,12
3109,DeSoto,county,12
3110,Jones,county,13
3111,Hand,county,46
3112,Clark,county,46
3113,Hale,county,48
3114,Stephens,county,48
3115,Gregory,county,46
3116,Roberts,county,46
3117,Polk,county,55
3118,Lafayette,county,55
3119,Rush,county,18
3120,Schuylkill,county,42
3121,Mifflin,county,42
3122,Gregg,county,48
3123,Giles,county,51
3124,Miami,county,20
3125,Linn,county,20
3126,Decatur,county,20
3127,Cass,county,18
3128,Marion,county,18
3129,Carroll,county,18
3130,Jackson,county,26
3131,Midland,county,26
3132,Clinton,county,26
3133,Ingham,county,26
3134,Alexandria,independent city,51
3135,Pickens,county,13
3136,Paulding,county,13
3137,Monroe,county,39
3138,Columbiana,county,39
3139,Clarke,county,28
3140,Llano,county,48
3141,Duval,county,48
3142,Live Oak,county,48
3143,Moore,county,48
3144,Grayson,county,48
3145,Fannin,county,48
3146,Clinch,county,13
3147,Beadle,county,46
3148,Lake,county,46
3149,Jefferson,county,28
3150,McDonald,county,29
3151,Marshall,county,46
3152,Grant,county,21
3153,Edmonson,county,21
3154,Lincoln,county,21
3155,Laurens,county,13
3156,Forsyth,county,13
3157,Walworth,county,46
3158,Sully,county,46
3159,Bandera,county,48
3160,Kent,county,48
3161,Campbell,county,46
3162,Oglala Lakota,county,46
3163,Pepin,county,55
3164,Laramie,county,56
3165,Lincoln,county,56
3166,Montour,county,42
3167,Forest,county,42
3168,La Salle,county,48
3169,Hall,county,48
3170,Kinney,county,48
3171,Fulton,county,21
3172,Todd,county,21
3173,Fulton,county,36
3174,Putnam,county,18
3175,Boone,county,18
3176,Fayette,county,18
3177,Wells,county,18
3178,Glasscock,county,48
3179,Franklin,county,48
3180,Callahan,county,48
3181,Gonzales,county,48
3182,Jeff Davis,county,48
3183,Skamania,county,53
3184,Asotin,county,53
3185,Tyler,county,54
3186,Pleasants,county,54
3187,Ashtabula,county,39
3188,Love,county,40
3189,Allen,parish,22
3190,St. James,parish,22
3191,Calhoun,county,26
3192,Parmer,county,48
3193,Lipscomb,county,48
3194,Grand,county,49
3195,Juab,county,49
3196,Rutland,county,50
3197,Stewart,county,13
3198,Dougherty,county,13
3199,Thomas,county,13
3200,Buchanan,county,29
3201,Platte,county,29
3202,Hickman,county,21
3203,Robertson,county,21
3204,Skagway,other,2
3205,Walton,county,13
3206,Turner,county,13
3207,Douglas,county,46
3208,Hyde,county,46
3209,Madison,county,47
3210,Geary,county,20
3211,Brown,county,46
3212,Fayette,county,47
3213,Hardin,county,47
3214,Hot Spring,county,5
3215,Garland,county,5
3216,Parke,county,18
3217,Fairfield,county,45
3218,Concho,county,48
3219,Armstrong,county,48
3220,Cherokee,county,13
3221,Monroe,county,13
3222,Grady,county,13
3223,Alamance,county,37
3224,Todd,county,27
3225,Quitman,county,28
3226,Jones,county,28
3227,Hemphill,county,48
3228,Hettinger,county,38
3229,Pierce,county,38
3230,Howard,county,29
3231,Tioga,county,36
3232,Crow Wing,county,27
3233,Susquehanna,county,42
3234,Potter,county,42
3235,Daggett,county,49
3236,Orleans,county,50
3237,Texas,county,29
3238,Cooper,county,29
3239,Miller,county,29
3240,Rock,county,55
3241,Piute,county,49
3242,Sawyer,county,55
3243,Lincoln,county,46
3244,Atchison,county,29
3245,Monroe,county,29
3246,Knox,county,29
3247,Walworth,county,55
3248,Phelps,county,31
3249,Lawrence,county,1
3250,Dixon,county,31
3251,Wirt,county,54
3252,Clay,county,54
3253,Waushara,county,55
3254,Duplin,county,37
3255,Wilson,county,37
3256,Merrick,county,31
3257,Stark,county,39
3258,Marion,county,39
3259,Codington,county,46
3260,Hutchinson,county,46
3261,Faulk,county,46
3262,Catawba,county,37
3263,Guilford,county,37
3264,Lawrence,county,28
3265,Scott,county,28
3266,Webster,county,28
3267,Delaware,county,39
3268,Christian,county,29
3269,Ramsey,county,27
3270,Aitkin,county,27
3271,McLeod,county,27
3272,Pennington,county,27
3273,Grayson,county,51
3274,Hampton,independent city,51
3275,Franklin,county,29
3276,Wyoming,county,42
3277,Gaston,county,37
3278,Bowman,county,38
3279,Corson,county,46
3280,Shawano,county,55
3281,Yellowstone,county,30
3282,Dawson,county,30
3283,Daniels,county,30
3284,Hughes,county,46
3285,Summers,county,54
3286,Oneida,county,55
3287,Barron,county,55
3288,Forsyth,county,37
3289,Meeker,county,27
3290,Yadkin,county,37
3291,Alexander,county,37
3292,Spokane,county,53
3293,Ohio,county,54
3294,Dubois,county,18
3295,Hancock,county,18
3296,Kingsbury,county,46
3297,Edmunds,county,46
3298,Waseca,county,27
3299,Dodge,county,27
3300,Mahnomen,county,27
3301,Grant,county,27
3302,Smith,county,28
3303,Chickasaw,county,28
3304,Choctaw,county,28
3305,Green,county,55
3306,Craighead,county,5
3307,Butler,county,31
3308,Hot Springs,county,56
3309,Butte,county,46
3310,McNairy,county,47
3311,Chesapeake,independent city,51
3312,Garfield,county,53
3313,Box Butte,county,31
3314,Fillmore,county,31
3315,Nance,county,31
3316,Chester,county,47
3317,Fayette,county,17
3318,Franklin,independent city,51
3319,Harrisonburg,independent city,51
3320,Colonial Heights,independent city,51
3321,Columbia,county,53
3322,Doddridge,county,54
3323,Wheatland,county,30
3324,Park,county,30
3325,Stillwater,county,30
3326,Wise,county,48
3327,Kenosha,county,55
3328,Whitley,county,18
3329,Marshall,county,18
3330,Jennings,county,18
3331,Delaware,county,18
3332,Chatham,county,37
3333,Prentiss,county,28
3334,Jasper,county,28
3335,Ransom,county,38
3336,McHenry,county,38
3337,Kidder,county,38
3338,Neshoba,county,28
3339,Medina,county,48
3340,Frio,county,48
3341,Morgan,county,8
3342,Torrance,county,35
3343,Mayes,county,40
3344,Oklahoma,county,40
3345,Sharkey,county,28
3346,Cooke,county,48
3347,Cole,county,29
3348,Mason,county,54
3349,Gilpin,county,8
3350,Peach,county,13
3351,Garfield,county,31
3352,Garvin,county,40
3353,Ottawa,county,40
3354,Harney,county,41
3355,Hardeman,county,48
3356,Portage,county,55
3357,Monongalia,county,54
3358,Carter,county,30
3359,Hall,county,31
3360,Eureka,county,32
3361,Valencia,county,35
3362,Knox,county,48
3363,Lawrence,county,42
3364,Tioga,county,42
3365,Manassas,independent city,51
3366,Salem,independent city,51
3367,Jefferson,county,55
3368,Outagamie,county,55
3369,Buffalo,county,31
3370,Mountrail,county,38
3371,Millard,county,49
3372,Waynesboro,independent city,51
3373,Dodge,county,55
3374,Fairfax,independent city,51
3375,Emporia,independent city,51
3376,Hopewell,independent city,51
3377,Wyoming,county,36
3378,Iredell,county,37
3379,Lafayette,county,28
3380,Roosevelt,county,35
3381,Wythe,county,51
3382,Saunders,county,31
3383,Lincoln,county,31
3384,Crawford,county,39
3385,Santa Fe,county,35
3386,Auglaize,county,39
3387,Logan,county,40
3388,LaSalle,county,17
3389,Macoupin,county,17
3390,Jackson,county,27
3391,Greene,county,5
3392,Modoc,county,6
3393,Montrose,county,8
3394,Wayne,county,39
3395,Hancock,county,39
3396,Portage,county,39
3397,Coal,county,40
3398,Carter,county,40
3399,Sargent,county,38
3400,Divide,county,38
3401,Freeborn,county,27
3402,Mower,county,27
3403,Mercer,county,42
3404,Abbeville,county,45
3405,Mills,county,19
3406,Montgomery,county,29
3407,Pontotoc,county,40
3408,Belmont,county,39
3409,Dane,county,55
3410,St. Clair,county,17
3411,Ben Hill,county,13
3412,Monona,county,19
3413,Roanoke,independent city,51
3414,Franklin,county,5
3415,Van Buren,county,5
3416,Polk,county,31
3417,Forest,county,55
3418,Socorro,county,35
3419,Guadalupe,county,35
3420,Chaves,county,35
3421,Candler,county,13
3422,Clay,county,17
3423,Williamsburg,independent city,51
3424,Radford,independent city,51
3425,Yuma,county,8
3426,Logan,county,8
3427,Stanton,county,31
3428,Custer,county,31
3429,Morrill,county,31
3430,Pickaway,county,39
3431,Manatee,county,12
3432,St. Lucie,county,12
3433,Ketchikan Gateway,borough,2
3434,Wrangell,borough,2
3435,Calhoun,county,17
3436,Kimball,county,31
3437,Nuckolls,county,31
3438,Edgefield,county,45
3439,Geauga,county,39
3440,Muskingum,county,39
3441,Huron,county,39
3442,Garfield,county,40
3443,Bristol Bay,borough,2
3444,Berkshire,county,25
3445,Pine,county,27
3446,Walthall,county,28
3447,Ozark,county,29
3448,Yankton,county,46
3449,Plymouth,county,19
3450,Noble,county,40
3451,Washita,county,40
3452,Livingston,county,17
3453,Warren,county,17
3454,Morgan,county,17
3455,Williams,county,39
3456,Crawford,county,20
3457,Osceola,county,19
3458,Taylor,county,54
3459,Waukesha,county,55
3460,Perry,county,5
3461,Johnson,county,5
3462,Pierce,county,31
3463,Coffee,county,13
3464,Floyd,county,13
3465,Golden Valley,county,38
3466,McIntosh,county,38
3467,Towner,county,38
3468,Wayne,county,17
3469,Fond du Lac,county,55
3470,Richardson,county,31
3471,Sioux,county,31
3472,Gosper,county,31
3473,Frontier,county,31
3474,Rock,county,31
3475,Wyandot,county,39
3476,Grundy,county,17
3477,Woodford,county,17
3478,Hancock,county,17
3479,White,county,17
3480,Harrison,county,29
3481,Lewis,county,29
3482,Lawrence,county,46
3483,Perkins,county,46
3484,Clinton,county,39
3485,Greene,county,39
3486,Hardin,county,39
3487,Arenac,county,26
3488,Ottawa,county,26
3489,Jefferson,county,31
3490,Scotts Bluff,county,31
3491,Lawrence,county,17
3492,Ford,county,17
3493,Vanderburgh,county,18
3494,Dubuque,county,19
3495,Kossuth,county,19
3496,Haskell,county,40
3497,El Paso,county,8
3498,McMullen,county,48
3499,Butler,county,39
3500,Meigs,county,39
3501,Washburn,county,55
3502,Menominee,county,55
3503,Price,county,55
3504,Smyth,county,51
3505,Caroline,county,51
3506,Blaine,county,31
3507,Banner,county,31
3508,Spalding,county,13
3509,Banks,county,13
3510,Jo Daviess,county,17
3511,Switzerland,county,18
3512,Dundy,county,31
3513,Boyd,county,31
3514,Washington,county,31
3515,Lyon,county,32
3516,Miami,county,39
3517,Morgan,county,39
3518,McLean,county,17
3519,Logan,county,17
3520,McHenry,county,17
3521,Burt,county,31
3522,Douglas,county,32
3523,Brookings,county,46
3524,Richland,county,55
3525,Dunn,county,55
3526,Perry,county,39
3527,Morrow,county,39
3528,Washington,county,41
3529,Branch,county,26
3530,Ontonagon,county,26
3531,Coosa,county,1
3532,Early,county,13
3533,Lee,county,5
3534,Paulding,county,39
3535,Moniteau,county,29
3536,Lafayette,county,29
3537,Adair,county,29
3538,Alleghany,county,37
3539,Appomattox,county,51
3540,Mahoning,county,39
3541,Fulton,county,39
3542,St. Joseph,county,18
3543,Vernon,county,55
3544,Sweetwater,county,56
3545,Charlottesville,independent city,51
3546,Merrimack,county,33
3547,Crowley,county,8
3548,Ware,county,13
3549,Vigo,county,18
3550,LaGrange,county,18
3551,Hidalgo,county,35
3552,Catron,county,35
3553,Highland,county,39
3554,Anderson,county,45
3555,Lee,county,37
3556,Murray,county,40
3557,Gooding,county,16
3558,Denton,county,48
3559,Comanche,county,48
3560,Bell,county,48
3561,Carter,county,29
3562,Madison,county,29
3563,Dallas,county,29
3564,Craig,county,51
3565,Douglas,county,55
3566,Madison,county,16
3567,Des Moines,county,19
3568,Russell,county,20
3569,Greenwood,county,20
3570,Clay,county,20
3571,Saline,county,20
3572,Rush,county,20
3573,Grant,county,20
3574,Wilbarger,county,48
3575,Castro,county,48
3576,Simpson,county,28
3577,Pushmataha,county,40
3578,Staunton,independent city,51
3579,Porter,county,18
3580,Oldham,county,48
3581,Wheeler,county,48
3582,Franklin,county,50
3583,Kitsap,county,53
3584,Allegany,county,36
3585,Columbia,county,41
3586,Gaines,county,48
3587,Oakland,county,26
3588,Kalamazoo,county,26
3589,Saginaw,county,26
3590,Tolland,county,9
3591,Harrison,county,19
3592,Monroe,county,26
3593,Lincoln,county,30
3594,Pend Oreille,county,53
3595,Johnston,county,40
3596,Clearwater,county,27
3597,Lee,county,28
3598,Marion,county,28
3599,Lubbock,county,48
3600,Kennebec,county,23
3601,Rice,county,27
3602,Wadena,county,27
3603,Johnson,county,18
3604,Harvey,county,20
3605,Shelby,county,21
3606,Yamhill,county,41
3607,Westmoreland,county,42
3608,Hamilton,county,18
3609,Monroe,county,18
3610,DeWitt,county,48
3611,McLennan,county,48
3612,Bastrop,county,48
3613,Jackson,parish,22
3614,Tallahatchie,county,28
3615,Johnson,county,29
3616,Bracken,county,21
3617,Orleans,county,36
3618,Pulaski,county,18
3619,Johnson,county,19
3620,Tuscaloosa,county,1
3621,Jessamine,county,21
3622,Lyon,county,21
3623,Boone,county,31
3624,Clark,county,39
3625,Holmes,county,39
3626,Putnam,county,39
3627,Red Willow,county,31
3628,Cibola,county,35
3629,Nobles,county,27
3630,Bolivar,county,28
3631,Itawamba,county,28
3632,Danville,independent city,51
3633,Scott,county,51
3634,Snyder,county,42
3635,Carroll,county,47
3636,Fall River,county,46
3637,Northumberland,county,51
3638,Prairie,county,5
3639,Yuba,county,6
3640,Woodford,county,21
3641,Hinds,county,28
3642,Meagher,county,30
3643,Laurens,county,45
3644,Fort Bend,county,48
3645,Chelan,county,53
3646,Greenup,county,21
3647,Howard,county,5
3648,Custer,county,8
3649,Fauquier,county,51
3650,Long,county,13
3651,Barber,county,20
3652,Ripley,county,29
3653,Butler,county,42
3654,Venango,county,42
3655,Jefferson Davis,county,28
3656,Carroll,county,28
3657,Noxubee,county,28
3658,Wheeler,county,41
3659,Union,county,42
3660,Cheboygan,county,26
3661,Bullock,county,1
3662,Bedford,county,42
3663,Clarke,county,19
3664,Boone,county,19
3665,Cerro Gordo,county,19
3666,Collin,county,48
3667,Fayette,county,48
3668,Falls,county,48
3669,Liberty,county,48
3670,Ochiltree,county,48
3671,Franklin,county,39
3672,Champaign,county,17
3673,Furnas,county,31
3674,Rockdale,county,13
3675,Delaware,county,19
3676,Jackson,county,19
3677,Winona,county,27
3678,Metcalfe,county,21
3679,Carlisle,county,21
3680,Saluda,county,45
3681,Aurora,county,46
3682,Taylor,county,55
3683,Marion,county,1
3684,Allegan,county,26
3685,Worth,county,29
3686,Nemaha,county,31
3687,Lincoln,county,20
3688,Butler,county,20
3689,Arlington,county,51
3690,Adams,county,18
3691,Harper,county,20
3692,Meade,county,20
3693,Wallace,county,20
3694,Greer,county,40
3695,Bottineau,county,38
3696,Whitley,county,21
3697,Putnam,county,29
3698,Buffalo,county,46
3699,West Baton Rouge,parish,22
3700,Campbell,county,21
3701,Henry,county,21
3702,Hamlin,county,46
3703,Sanborn,county,46
3704,Greene,county,29
3705,Douglas,county,29
3706,Caldwell,county,29
3707,Washington,county,29
3708,Lake,county,47
3709,Barry,county,26
3710,Cottonwood,county,27
3711,Stone,county,28
3712,McIntosh,county,40
3713,Lanier,county,13
3714,Dickson,county,47
3715,Lauderdale,county,47
3716,Winkler,county,48
3717,Ida,county,19
3718,Monroe,county,19
3719,Scurry,county,48
3720,Hockley,county,48
3721,Hutchinson,county,48
3722,Rockwall,county,48
3723,St. Charles,parish,22
3724,Rooks,county,20
3725,Bleckley,county,13
3726,Kosciusko,county,18
3727,Lamb,county,48
3728,Crawford,county,26
3729,Irwin,county,13
3730,Randolph,county,17
3731,Graham,county,20
3732,Dickinson,county,20
3733,Lyon,county,20
3734,Hillsborough,county,33
3735,St. John the Baptist,parish,22
3736,Republic,county,20
3737,Rawlins,county,20
3738,Pettis,county,29
3739,Musselshell,county,30
3740,Wayne,county,31
3741,Atchison,county,20
3742,Moultrie,county,17
3743,Crawford,county,19
3744,Palo Alto,county,19
3745,Buena Vista,county,19
3746,Doa Ana,county,35
3747,Kanabec,county,27
3748,Simpson,county,21
3749,Genesee,county,36
3750,Warren,county,29
3751,Franklin,county,28
3752,Hayes,county,31
3753,Dawes,county,31
3754,Yates,county,36
3755,Wabaunsee,county,20
3756,Lincoln,county,40
3757,Major,county,40
3758,Benton,county,27
3759,Watonwan,county,27
3760,Becker,county,27
3761,Montgomery,county,20
3762,St. Lawrence,county,36
3763,Dodge,county,31
3764,Hamilton,county,31
3765,Cuming,county,31
3766,Pershing,county,32
3767,Belknap,county,33
3768,Madison,county,39
3769,Jackson,county,39
3770,Allen,county,39
3771,Athens,county,39
3772,Terrell,county,13
3773,Perkins,county,31
3774,Hitchcock,county,31
3775,McPherson,county,31
3776,Oliver,county,38
3777,Laclede,county,29
3778,Wayne,county,49
3779,Grand Isle,county,50
3780,Licking,county,39
3781,Creek,county,40
3782,Craig,county,40
3783,Stokes,county,37
3784,Mercer,county,39
3785,Grant,county,5
3786,Morgan,county,29
3787,Lawrence,county,29
3788,Brown,county,31
3789,Woodward,county,40
3790,Columbia,county,42
3791,Winchester,independent city,51
3792,Christian,county,17
3793,Montgomery,county,17
3794,St. Francis,county,5
3795,Lincoln,county,8
3796,Jim Hogg,county,48
3797,Mitchell,county,48
3798,Livingston,county,26
3799,Hamilton,county,36
3800,Ward,county,38
3801,Mason,county,26
3802,Benzie,county,26
3803,Lincoln,county,35
3804,Hancock,county,28
3805,Caddo,county,40
3806,Roscommon,county,26
3807,Shiawassee,county,26
3808,Lee,county,13
3809,Boyd,county,21
3810,Garrett,county,24
3811,Sanilac,county,26
3812,Cabarrus,county,37
3813,Stutsman,county,38
3814,Lincoln,county,41
3815,Bristol,county,44
3816,Grant,county,46
3817,Shelby,county,18
3818,Linn,county,19
3819,Beaver,county,40
3820,Coshocton,county,39
3821,Kingfisher,county,40
3822,McCook,county,46
3823,Tarrant,county,48
3824,Dunn,county,38
3825,Eddy,county,38
3826,Kay,county,40
3827,McPherson,county,46
3828,Evans,county,13
3829,Osage,county,29
3830,Wright,county,29
3831,Lancaster,county,31
3832,Cumberland,county,51
3833,Adams,county,53
3834,Okaloosa,county,12
3835,Dakota,county,31
3836,Grant,county,18
3837,Benton,county,19
3838,Carroll,county,19
3839,Pratt,county,20
3840,Newaygo,county,26
3841,Wright,county,27
3842,Montgomery,county,39
3843,Canadian,county,40
3844,Goodhue,county,27
3845,Washington,county,47
3846,Lampasas,county,48
3847,Carver,county,27
3848,Stevens,county,27
3849,Cedar,county,19
3850,Carlton,county,27
3851,Wayne,county,28
3852,Union,county,19
3853,Converse,county,56
3854,Wayne,county,37
3855,Lincoln,county,37
3856,Unicoi,county,47
3857,Virginia Beach,independent city,51
3858,Douglas,county,20
3859,McLean,county,21
3860,Mercer,county,54
3861,Steele,county,38
3862,Sandusky,county,39
3863,Calumet,county,55
3864,Collier,county,12
3865,Kendall,county,17
3866,Chattooga,county,13
3867,Massac,county,17
3868,Coffey,county,20
3869,Haskell,county,20
3870,Houghton,county,26
3871,Isabella,county,26
3872,Jackson,county,55
3873,Clark,county,55
3874,Cheshire,county,33
3875,Chowan,county,37
3876,Spencer,county,21
3877,Genesee,county,26
3878,Olmsted,county,27
3879,Red Lake,county,27
3880,Cayuga,county,36
3881,Trimble,county,21
3882,Aleutians East,borough,2
3883,Harrison,county,28
3884,Cass,county,19
3885,Tama,county,19
3886,Griggs,county,38
3887,Kendall,county,48
3888,Kaufman,county,48
3889,Tyler,county,48
3890,Ector,county,48
3891,Sunflower,county,28
3892,Newton,county,28
3893,Lapeer,county,26
3894,Treasure,county,30
3895,Golden Valley,county,30
3896,Platte,county,31
3897,Webster,county,31
3898,Logan,county,38
3899,Carroll,county,39
3900,Fairfield,county,39
3901,Preston,county,54
3902,Campbell,county,56
3903,Hendry,county,12
3904,Sibley,county,27
3905,Winston,county,28
3906,Ohio,county,18
3907,Edwards,county,48
3908,Runnels,county,48
3909,Summit,county,39
3910,Wood,county,39
3911,Henderson,county,17
3912,Bureau,county,17
3913,Garfield,county,8
3914,Decatur,county,19
3915,Winneshiek,county,19
3916,Anoka,county,27
3917,Sherburne,county,27
3918,Hughes,county,40
3919,Monroe,county,55
3920,Cleburne,county,1
3921,Fulton,county,17
3922,Adams,county,17
3923,Crook,county,56
3924,San Francisco,county,6
3925,Audrain,county,29
3926,Linn,county,29
3927,Lamar,county,28
3928,Gasconade,county,29
3929,Baltimore,other,24
3930,Chippewa,county,26
3931,Cass,county,26
3932,Trigg,county,21
3933,Monroe,county,21
3934,Bailey,county,48
3935,Yoakum,county,48
3936,Childress,county,48
3937,Coryell,county,48
3938,Garza,county,48
3939,Lynn,county,48
3940,Briscoe,county,48
3941,Stonewall,county,48
3942,Kimble,county,48
3943,Polk,county,29
3944,Crawford,county,29
3945,St. Francois,county,29
3946,Reynolds,county,29
3947,Broward,county,12
3948,Guthrie,county,19
3949,Hodgeman,county,20
3950,Trego,county,20
3951,Denali,borough,2
3952,Powder River,county,30
3953,Eddy,county,35
3954,Jenkins,county,13
3955,Macon,county,29
3956,Holt,county,31
3957,Lincoln,county,47
3958,Saline,county,17
3959,Clay,county,13
3960,Lake,county,26
3961,Steele,county,27
3962,Leake,county,28
3963,Mineral,county,32
3964,Lauderdale,county,1
3965,Boone,county,17
3966,Iron,county,29
3967,Kearney,county,31
3968,Bernalillo,county,35
3969,Covington,county,28
3970,Boundary,county,16
3971,Wayne,county,18
3972,Howard,county,19
3973,Herkimer,county,36
3974,DeKalb,county,18
3975,Decatur,county,47
3976,Starke,county,18
3977,Cherokee,county,19
3978,Barton,county,20
3979,Woodson,county,20
3980,Henry,county,17
3981,Adair,county,21
3982,Wichita,county,48
3983,Chittenden,county,50
3984,Hays,county,48
3985,Dodge,county,13
3986,Pima,county,4
3987,Bonner,county,16
3988,Hamilton,county,17
3989,Effingham,county,17
3990,Litchfield,county,9
3991,Wibaux,county,30
3992,Lincoln,parish,22
3993,Heard,county,13
3994,Kalawao,county,15
3995,Crawford,county,5
3996,Steuben,county,18
3997,LaMoure,county,38
3998,Seneca,county,39
3999,Guernsey,county,39
4000,Webster,county,29
4001,Wayne,county,29
4002,Custer,county,30
4003,Thurston,county,31
4004,Johnson,county,13
4005,Bartholomew,county,18
4006,Miner,county,46
4007,Madison,county,31
4008,McDonough,county,17
4009,Sioux,county,19
4010,Cheyenne,county,20
4011,Donley,county,48
4012,Floyd,county,48
4013,Ashland,county,39
4014,Christian,county,21
4015,Coffee,county,1
4016,Kenton,county,21
4017,Petersburg,borough,2
4018,Klickitat,county,53
4019,Cherokee,county,40
4020,Lehigh,county,42
4021,Atoka,county,40
4022,Story,county,19
4023,Fayette,county,19
4024,Wichita,county,20
4025,Greene,county,18
4026,Crittenden,county,5
4027,Otoe,county,31
4028,Goshen,county,56
4029,Searcy,county,5
4030,Bon Homme,county,46
4031,Floyd,county,18
4032,Polk,county,41
4033,Stewart,county,47
4034,Bledsoe,county,47
4035,Crosby,county,48
4036,Sterling,county,48
4037,Cowley,county,20
4038,Ocean,county,34
4039,Union,county,18
4040,Clinton,county,21
4041,Dillingham,census area,2
4042,Aleutians West,census area,2
4043,Gordon,county,13
4044,Bacon,county,13
4045,Greeley,county,31
4046,Esmeralda,county,32
4047,Marshall,county,54
4048,Sequatchie,county,47
4049,Sherman,county,48
4050,Coos,county,41
4051,Tift,county,13
4052,Johnson,county,17
4053,Payne,county,40
4054,La Crosse,county,55
4055,Schuyler,county,36
4056,Nelson,county,38
4057,Walker,county,1
4058,McCulloch,county,48
4059,Fluvanna,county,51
4060,Lincoln,county,55
4061,Rensselaer,county,36
4062,Washington,county,50
4063,Franklin,county,21
4064,Vance,county,37
4065,Scioto,county,39
4066,Greene,county,28
4067,Clay,county,18
4068,Marion,county,19
4069,Rio Grande,county,8
4070,Nottoway,county,51
4071,Putnam,county,54
4072,Casey,county,21
4073,Clay,county,47
4074,Lavaca,county,48
4075,Warren,county,37
4076,Darke,county,39
4077,Manistee,county,26
4078,Lafayette,county,12
4079,Madison,county,18
4080,Pocahontas,county,19
4081,Saline,county,5
4082,Pueblo,county,8
4083,Otero,county,8
4084,Culberson,county,48
4085,Kent,county,26
4086,Isanti,county,27
4087,Franklin,county,18
4088,Worth,county,19
4089,Lincoln,county,27
4090,Tishomingo,county,28
4091,Noble,county,18
4092,Drew,county,5
4093,Eaton,county,26
4094,Grundy,county,29
4095,Pike,county,39
4096,Knox,county,39
4097,Addison,county,50
4098,Cleburne,county,5
4099,St. Joseph,county,26
4100,Lewis,county,36
4101,Johnson,county,56
4102,Covington,independent city,51
4103,Eau Claire,county,55
4104,Boone,county,5
4105,Archer,county,48
4106,Blanco,county,48
4107,Grady,county,40
4108,Jones,county,19
4109,Edwards,county,20
4110,Sheridan,county,20
4111,Hardin,county,19
4112,Finney,county,20
4113,Coweta,county,13
4114,Loudon,county,47
4115,Cottle,county,48
4116,Swift,county,27
4117,Winnebago,county,55
4118,Trumbull,county,39
4119,Karnes,county,48
4120,Terry,county,48
4121,Zavala,county,48
4122,Cotton,county,40
4123,Lee,county,21
4124,Colquitt,county,13
4125,Green Lake,county,55
4126,Bonneville,county,16
4127,Hendricks,county,18
4128,Deuel,county,46
4129,Montgomery,county,28
4130,Perry,county,28
4131,Livingston,county,29
4132,Adams,county,42
4133,Troup,county,13
4134,Warren,county,19
4135,Jasper,county,13
4136,Fulton,county,18
4137,Cheatham,county,47
4138,Broomfield,county,8
4139,Washington,county,8
4140,Dakota,county,27
4141,Sheridan,county,31
4142,Quay,county,35
